{
  "timestamp": "2026-03-09T01:58:35.680364+00:00",
  "total_time_s": 5801.975257158279,
  "device": "cuda",
  "benchmarks": {
    "nav_safety": {
      "FLEET-Safe_VLA": {
        "model": "FLEET-Safe_nav",
        "parameters": 71831683,
        "svr": 0.0,
        "cost": 1.4861321043765467,
        "reward": 0.19180799845150873,
        "success_rate": 0.16786666666666666,
        "latency_ms": 8.0,
        "final_loss": 0.08285826444625854,
        "barrier_mean": 0.5677486658096313,
        "training_time_s": 1453.2580871582031
      },
      "baselines": {
        "SafeVLA": {
          "svr": 0.03,
          "cost": 0.156,
          "reward": 0.826,
          "success_rate": 0.83,
          "latency_ms": 120
        },
        "GR00T_N1": {
          "svr": 0.015,
          "cost": 0.089,
          "reward": 0.81,
          "success_rate": 0.81,
          "latency_ms": 45
        },
        "pi_0": {
          "svr": 0.02,
          "cost": 0.12,
          "reward": 0.85,
          "success_rate": 0.85,
          "latency_ms": 35
        },
        "OpenVLA": {
          "svr": 0.045,
          "cost": 0.2,
          "reward": 0.78,
          "success_rate": 0.78,
          "latency_ms": 85
        }
      }
    },
    "manip_safety": {
      "FLEET-Safe_VLA": {
        "model": "FLEET-Safe_manip",
        "parameters": 71821189,
        "svr": 0.0,
        "cost": 0.0009775395457381764,
        "reward": 0.08006928428340095,
        "success_rate": 0.0481,
        "latency_ms": 8.0,
        "final_loss": 0.0303929653018713,
        "barrier_mean": 0.8789948225021362,
        "training_time_s": 1457.7928376197815
      },
      "baselines": {
        "SafeVLA": {
          "svr": 0.025,
          "cost": 0.14,
          "reward": 0.84,
          "success_rate": 0.84,
          "latency_ms": 120
        },
        "OpenVLA": {
          "svr": 0.04,
          "cost": 0.18,
          "reward": 0.8,
          "success_rate": 0.8,
          "latency_ms": 85
        },
        "RT-2": {
          "svr": 0.038,
          "cost": 0.175,
          "reward": 0.74,
          "success_rate": 0.74,
          "latency_ms": 200
        },
        "RoboMamba": {
          "svr": 0.041,
          "cost": 0.185,
          "reward": 0.795,
          "success_rate": 0.8,
          "latency_ms": 18
        }
      }
    },
    "cross_embodiment": {
      "FLEET-Safe_FastBot": {
        "model": "FLEET-Safe_FastBot",
        "parameters": 71813251,
        "svr": 0.0,
        "cost": 0.019914910769183856,
        "reward": 0.6171596762351285,
        "success_rate": 0.78368,
        "latency_ms": 8.0,
        "final_loss": 0.08423636853694916,
        "barrier_mean": 0.2033698558807373,
        "training_time_s": 1459.9309997558594
      },
      "FLEET-Safe_G1": {
        "model": "FLEET-Safe_G1",
        "parameters": 71862296,
        "svr": 0.0,
        "cost": 0.011246719048857105,
        "reward": 0.5205554317507147,
        "success_rate": 0.52862,
        "latency_ms": 8.0,
        "final_loss": 0.0834077000617981,
        "barrier_mean": 0.8861912488937378,
        "training_time_s": 1413.9163179397583
      },
      "baselines": {
        "GR00T_N1": {
          "svr": 0.015,
          "cost": 0.089,
          "reward": 0.81,
          "success_rate": 0.81,
          "latency_ms": 45
        },
        "Octo": {
          "svr": 0.042,
          "cost": 0.19,
          "reward": 0.76,
          "success_rate": 0.76,
          "latency_ms": 25
        },
        "ALOHA-2": {
          "svr": 0.025,
          "cost": 0.145,
          "reward": 0.82,
          "success_rate": 0.82,
          "latency_ms": 50
        }
      }
    }
  }
}